GTFS Stop ID,Division,Stop Name,Borough,CBD,Route,GTFS Latitude,GTFS Longitude
R01,BMT,Astoria-Ditmars Blvd,Q,False,N,40.775036,-73.912034
R01,BMT,Astoria-Ditmars Blvd,Q,False,W,40.775036,-73.912034
R03,BMT,Astoria Blvd,Q,False,N,40.770258,-73.917843
R03,BMT,Astoria Blvd,Q,False,W,40.770258,-73.917843
R04,BMT,30 Av,Q,False,N,40.766779,-73.921479
R04,BMT,30 Av,Q,False,W,40.766779,-73.921479
R05,BMT,Broadway,Q,False,N,40.76182,-73.925508
R05,BMT,Broadway,Q,False,W,40.76182,-73.925508
R06,BMT,36 Av,Q,False,N,40.756804,-73.929575
R06,BMT,36 Av,Q,False,W,40.756804,-73.929575
R08,BMT,39 Av-Dutch Kills,Q,False,N,40.752882,-73.932755
R08,BMT,39 Av-Dutch Kills,Q,False,W,40.752882,-73.932755
R11,BMT,Lexington Av/59 St,M,True,N,40.76266,-73.967258
R11,BMT,Lexington Av/59 St,M,True,R,40.76266,-73.967258
R11,BMT,Lexington Av/59 St,M,True,W,40.76266,-73.967258
R13,BMT,5 Av/59 St,M,True,N,40.764811,-73.973347
R13,BMT,5 Av/59 St,M,True,R,40.764811,-73.973347
R13,BMT,5 Av/59 St,M,True,W,40.764811,-73.973347
R14,BMT,57 St-7 Av,M,True,N,40.764664,-73.980658
R14,BMT,57 St-7 Av,M,True,Q,40.764664,-73.980658
R14,BMT,57 St-7 Av,M,True,R,40.764664,-73.980658
R14,BMT,57 St-7 Av,M,True,W,40.764664,-73.980658
R15,BMT,49 St,M,True,N,40.759901,-73.984139
R15,BMT,49 St,M,True,R,40.759901,-73.984139
R15,BMT,49 St,M,True,W,40.759901,-73.984139
R16,BMT,Times Sq-42 St,M,True,N,40.754672,-73.986754
R16,BMT,Times Sq-42 St,M,True,Q,40.754672,-73.986754
R16,BMT,Times Sq-42 St,M,True,R,40.754672,-73.986754
R16,BMT,Times Sq-42 St,M,True,W,40.754672,-73.986754
R17,BMT,34 St-Herald Sq,M,True,N,40.749567,-73.98795
R17,BMT,34 St-Herald Sq,M,True,Q,40.749567,-73.98795
R17,BMT,34 St-Herald Sq,M,True,R,40.749567,-73.98795
R17,BMT,34 St-Herald Sq,M,True,W,40.749567,-73.98795
R18,BMT,28 St,M,True,R,40.745494,-73.988691
R18,BMT,28 St,M,True,W,40.745494,-73.988691
R19,BMT,23 St,M,True,R,40.741303,-73.989344
R19,BMT,23 St,M,True,W,40.741303,-73.989344
R20,BMT,14 St-Union Sq,M,True,N,40.735736,-73.990568
R20,BMT,14 St-Union Sq,M,True,Q,40.735736,-73.990568
R20,BMT,14 St-Union Sq,M,True,R,40.735736,-73.990568
R20,BMT,14 St-Union Sq,M,True,W,40.735736,-73.990568
R21,BMT,8 St-NYU,M,True,R,40.730328,-73.992629
R21,BMT,8 St-NYU,M,True,W,40.730328,-73.992629
R22,BMT,Prince St,M,True,R,40.724329,-73.997702
R22,BMT,Prince St,M,True,W,40.724329,-73.997702
R23,BMT,Canal St,M,True,R,40.719527,-74.001775
R23,BMT,Canal St,M,True,W,40.719527,-74.001775
Q01,BMT,Canal St,M,True,N,40.718383,-74.00046
Q01,BMT,Canal St,M,True,Q,40.718383,-74.00046
R24,BMT,City Hall,M,True,R,40.713282,-74.006978
R24,BMT,City Hall,M,True,W,40.713282,-74.006978
R25,BMT,Cortlandt St,M,True,R,40.710668,-74.011029
R25,BMT,Cortlandt St,M,True,W,40.710668,-74.011029
R26,BMT,Rector St,M,True,R,40.70722,-74.013342
R26,BMT,Rector St,M,True,W,40.70722,-74.013342
R27,BMT,Whitehall St-South Ferry,M,True,R,40.703087,-74.012994
R27,BMT,Whitehall St-South Ferry,M,True,W,40.703087,-74.012994
R28,BMT,Court St,Bk,False,R,40.6941,-73.991777
R29,BMT,Jay St-MetroTech,Bk,False,R,40.69218,-73.985942
R30,BMT,DeKalb Av,Bk,False,B,40.690635,-73.981824
R30,BMT,DeKalb Av,Bk,False,Q,40.690635,-73.981824
R30,BMT,DeKalb Av,Bk,False,R,40.690635,-73.981824
R31,BMT,Atlantic Av-Barclays Ctr,Bk,False,D,40.683666,-73.97881
R31,BMT,Atlantic Av-Barclays Ctr,Bk,False,N,40.683666,-73.97881
R31,BMT,Atlantic Av-Barclays Ctr,Bk,False,R,40.683666,-73.97881
R32,BMT,Union St,Bk,False,R,40.677316,-73.98311
R33,BMT,4 Av-9 St,Bk,False,R,40.670847,-73.988302
R34,BMT,Prospect Av,Bk,False,R,40.665414,-73.992872
R35,BMT,25 St,Bk,False,R,40.660397,-73.998091
R36,BMT,36 St,Bk,False,D,40.655144,-74.003549
R36,BMT,36 St,Bk,False,N,40.655144,-74.003549
R36,BMT,36 St,Bk,False,R,40.655144,-74.003549
R39,BMT,45 St,Bk,False,R,40.648939,-74.010006
R40,BMT,53 St,Bk,False,R,40.645069,-74.014034
R41,BMT,59 St,Bk,False,N,40.641362,-74.017881
R41,BMT,59 St,Bk,False,R,40.641362,-74.017881
R42,BMT,Bay Ridge Av,Bk,False,R,40.634967,-74.023377
R43,BMT,77 St,Bk,False,R,40.629742,-74.02551
R44,BMT,86 St,Bk,False,R,40.622687,-74.028398
R45,BMT,Bay Ridge-95 St,Bk,False,R,40.616622,-74.030876
D24,BMT,Atlantic Av-Barclays Ctr,Bk,False,B,40.68446,-73.97689
D24,BMT,Atlantic Av-Barclays Ctr,Bk,False,Q,40.68446,-73.97689
D25,BMT,7 Av,Bk,False,B,40.67705,-73.972367
D25,BMT,7 Av,Bk,False,Q,40.67705,-73.972367
D26,BMT,Prospect Park,Bk,False,B,40.661614,-73.962246
D26,BMT,Prospect Park,Bk,False,Q,40.661614,-73.962246
D26,BMT,Prospect Park,Bk,False,S,40.661614,-73.962246
D27,BMT,Parkside Av,Bk,False,Q,40.655292,-73.961495
D28,BMT,Church Av,Bk,False,B,40.650527,-73.962982
D28,BMT,Church Av,Bk,False,Q,40.650527,-73.962982
D29,BMT,Beverley Rd,Bk,False,Q,40.644031,-73.964492
D30,BMT,Cortelyou Rd,Bk,False,Q,40.640927,-73.963891
D31,BMT,Newkirk Plaza,Bk,False,B,40.635082,-73.962793
D31,BMT,Newkirk Plaza,Bk,False,Q,40.635082,-73.962793
D32,BMT,Avenue H,Bk,False,Q,40.62927,-73.961639
D33,BMT,Avenue J,Bk,False,Q,40.625039,-73.960803
D34,BMT,Avenue M,Bk,False,Q,40.617618,-73.959399
D35,BMT,Kings Hwy,Bk,False,B,40.60867,-73.957734
D35,BMT,Kings Hwy,Bk,False,Q,40.60867,-73.957734
D37,BMT,Avenue U,Bk,False,Q,40.5993,-73.955929
D38,BMT,Neck Rd,Bk,False,Q,40.595246,-73.955161
D39,BMT,Sheepshead Bay,Bk,False,B,40.586896,-73.954155
D39,BMT,Sheepshead Bay,Bk,False,Q,40.586896,-73.954155
D40,BMT,Brighton Beach,Bk,False,B,40.577621,-73.961376
D40,BMT,Brighton Beach,Bk,False,Q,40.577621,-73.961376
D41,BMT,Ocean Pkwy,Bk,False,Q,40.576312,-73.968501
D42,BMT,W 8 St-NY Aquarium,Bk,False,F,40.576127,-73.975939
D42,BMT,W 8 St-NY Aquarium,Bk,False,Q,40.576127,-73.975939
D43,BMT,Coney Island-Stillwell Av,Bk,False,D,40.577422,-73.981233
D43,BMT,Coney Island-Stillwell Av,Bk,False,F,40.577422,-73.981233
D43,BMT,Coney Island-Stillwell Av,Bk,False,N,40.577422,-73.981233
D43,BMT,Coney Island-Stillwell Av,Bk,False,Q,40.577422,-73.981233
B12,BMT,9 Av,Bk,False,D,40.646292,-73.994324
B13,BMT,Fort Hamilton Pkwy,Bk,False,D,40.640914,-73.994304
B14,BMT,50 St,Bk,False,D,40.63626,-73.994791
B15,BMT,55 St,Bk,False,D,40.631435,-73.995476
B16,BMT,62 St,Bk,False,D,40.626472,-73.996895
B17,BMT,71 St,Bk,False,D,40.619589,-73.998864
B18,BMT,79 St,Bk,False,D,40.613501,-74.00061
B19,BMT,18 Av,Bk,False,D,40.607954,-74.001736
B20,BMT,20 Av,Bk,False,D,40.604556,-73.998168
B21,BMT,Bay Pkwy,Bk,False,D,40.601875,-73.993728
B22,BMT,25 Av,Bk,False,D,40.597704,-73.986829
B23,BMT,Bay 50 St,Bk,False,D,40.588841,-73.983765
N02,BMT,8 Av,Bk,False,N,40.635064,-74.011719
N03,BMT,Fort Hamilton Pkwy,Bk,False,N,40.631386,-74.005351
N04,BMT,New Utrecht Av,Bk,False,N,40.624842,-73.996353
N05,BMT,18 Av,Bk,False,N,40.620671,-73.990414
N06,BMT,20 Av,Bk,False,N,40.61741,-73.985026
N07,BMT,Bay Pkwy,Bk,False,N,40.611815,-73.981848
N08,BMT,Kings Hwy,Bk,False,N,40.603923,-73.980353
N09,BMT,Avenue U,Bk,False,N,40.597473,-73.979137
N10,BMT,86 St,Bk,False,N,40.592721,-73.97823
J12,BMT,121 St,Q,False,J,40.700492,-73.828294
J12,BMT,121 St,Q,False,Z,40.700492,-73.828294
J13,BMT,111 St,Q,False,J,40.697418,-73.836345
J14,BMT,104 St,Q,False,J,40.695178,-73.84433
J14,BMT,104 St,Q,False,Z,40.695178,-73.84433
J15,BMT,Woodhaven Blvd,Q,False,J,40.693879,-73.851576
J15,BMT,Woodhaven Blvd,Q,False,Z,40.693879,-73.851576
J16,BMT,85 St-Forest Pkwy,Q,False,J,40.692435,-73.86001
J17,BMT,75 St-Elderts Ln,Q,False,J,40.691324,-73.867139
J17,BMT,75 St-Elderts Ln,Q,False,Z,40.691324,-73.867139
J19,BMT,Cypress Hills,Bk,False,J,40.689941,-73.87255
J20,BMT,Crescent St,Bk,False,J,40.683194,-73.873785
J20,BMT,Crescent St,Bk,False,Z,40.683194,-73.873785
J21,BMT,Norwood Av,Bk,False,J,40.68141,-73.880039
J21,BMT,Norwood Av,Bk,False,Z,40.68141,-73.880039
J22,BMT,Cleveland St,Bk,False,J,40.679947,-73.884639
J23,BMT,Van Siclen Av,Bk,False,J,40.678024,-73.891688
J23,BMT,Van Siclen Av,Bk,False,Z,40.678024,-73.891688
J24,BMT,Alabama Av,Bk,False,J,40.676992,-73.898654
J24,BMT,Alabama Av,Bk,False,Z,40.676992,-73.898654
J27,BMT,Broadway Junction,Bk,False,J,40.679498,-73.904512
J27,BMT,Broadway Junction,Bk,False,Z,40.679498,-73.904512
J28,BMT,Chauncey St,Bk,False,J,40.682893,-73.910456
J28,BMT,Chauncey St,Bk,False,Z,40.682893,-73.910456
J29,BMT,Halsey St,Bk,False,J,40.68637,-73.916559
J30,BMT,Gates Av,Bk,False,J,40.68963,-73.92227
J30,BMT,Gates Av,Bk,False,Z,40.68963,-73.92227
J31,BMT,Kosciuszko St,Bk,False,J,40.693342,-73.928814
M11,BMT,Myrtle Av,Bk,False,M,40.697207,-73.935657
M11,BMT,Myrtle Av,Bk,False,J,40.697207,-73.935657
M11,BMT,Myrtle Av,Bk,False,Z,40.697207,-73.935657
M12,BMT,Flushing Av,Bk,False,M,40.70026,-73.941126
M12,BMT,Flushing Av,Bk,False,J,40.70026,-73.941126
M13,BMT,Lorimer St,Bk,False,M,40.703869,-73.947408
M13,BMT,Lorimer St,Bk,False,J,40.703869,-73.947408
M14,BMT,Hewes St,Bk,False,M,40.70687,-73.953431
M14,BMT,Hewes St,Bk,False,J,40.70687,-73.953431
M16,BMT,Marcy Av,Bk,False,M,40.708359,-73.957757
M16,BMT,Marcy Av,Bk,False,J,40.708359,-73.957757
M16,BMT,Marcy Av,Bk,False,Z,40.708359,-73.957757
M18,BMT,Delancey St-Essex St,M,True,M,40.718315,-73.987437
M18,BMT,Delancey St-Essex St,M,True,J,40.718315,-73.987437
M18,BMT,Delancey St-Essex St,M,True,Z,40.718315,-73.987437
M19,BMT,Bowery,M,True,J,40.72028,-73.993915
M19,BMT,Bowery,M,True,Z,40.72028,-73.993915
M20,BMT,Canal St,M,True,J,40.718092,-73.999892
M20,BMT,Canal St,M,True,Z,40.718092,-73.999892
M21,BMT,Chambers St,M,True,J,40.713243,-74.003401
M21,BMT,Chambers St,M,True,Z,40.713243,-74.003401
M22,BMT,Fulton St,M,True,J,40.710374,-74.007582
M22,BMT,Fulton St,M,True,Z,40.710374,-74.007582
M23,BMT,Broad St,M,True,J,40.706476,-74.011056
M23,BMT,Broad St,M,True,Z,40.706476,-74.011056
M01,BMT,Middle Village-Metropolitan Av,Q,False,M,40.711396,-73.889601
M04,BMT,Fresh Pond Rd,Q,False,M,40.706186,-73.895877
M05,BMT,Forest Av,Q,False,M,40.704423,-73.903077
M06,BMT,Seneca Av,Q,False,M,40.702762,-73.90774
M08,BMT,Myrtle-Wyckoff Avs,Bk,False,M,40.69943,-73.912385
M09,BMT,Knickerbocker Av,Bk,False,M,40.698664,-73.919711
M10,BMT,Central Av,Bk,False,M,40.697857,-73.927397
L01,BMT,8 Av,M,True,L,40.739777,-74.002578
L02,BMT,6 Av,M,True,L,40.737335,-73.996786
L03,BMT,14 St-Union Sq,M,True,L,40.734789,-73.99073
L05,BMT,3 Av,M,True,L,40.732849,-73.986122
L06,BMT,1 Av,M,True,L,40.730953,-73.981628
L08,BMT,Bedford Av,Bk,False,L,40.717304,-73.956872
L10,BMT,Lorimer St,Bk,False,L,40.714063,-73.950275
L11,BMT,Graham Av,Bk,False,L,40.714565,-73.944053
L12,BMT,Grand St,Bk,False,L,40.711926,-73.94067
L13,BMT,Montrose Av,Bk,False,L,40.707739,-73.93985
L14,BMT,Morgan Av,Bk,False,L,40.706152,-73.933147
L15,BMT,Jefferson St,Bk,False,L,40.706607,-73.922913
L16,BMT,DeKalb Av,Bk,False,L,40.703811,-73.918425
L17,BMT,Myrtle-Wyckoff Avs,Bk,False,L,40.699814,-73.911586
L19,BMT,Halsey St,Q,False,L,40.695602,-73.904084
L20,BMT,Wilson Av,Bk,False,L,40.688764,-73.904046
L21,BMT,Bushwick Av-Aberdeen St,Bk,False,L,40.682829,-73.905249
L22,BMT,Broadway Junction,Bk,False,L,40.678856,-73.90324
L24,BMT,Atlantic Av,Bk,False,L,40.675345,-73.903097
L25,BMT,Sutter Av,Bk,False,L,40.669367,-73.901975
L26,BMT,Livonia Av,Bk,False,L,40.664038,-73.900571
L27,BMT,New Lots Av,Bk,False,L,40.658733,-73.899232
L28,BMT,East 105 St,Bk,False,L,40.650573,-73.899485
L29,BMT,Canarsie-Rockaway Pkwy,Bk,False,L,40.646654,-73.90185
S01,BMT,Franklin Av,Bk,False,S,40.680596,-73.955827
S03,BMT,Park Pl,Bk,False,S,40.674772,-73.957624
S04,BMT,Botanic Garden,Bk,False,S,40.670343,-73.959245
A02,IND,Inwood-207 St,M,False,A,40.868072,-73.919899
A03,IND,Dyckman St,M,False,A,40.865491,-73.927271
A05,IND,190 St,M,False,A,40.859022,-73.93418
A06,IND,181 St,M,False,A,40.851695,-73.937969
A07,IND,175 St,M,False,A,40.847391,-73.939704
A09,IND,168 St,M,False,A,40.840719,-73.939561
A09,IND,168 St,M,False,C,40.840719,-73.939561
A10,IND,163 St-Amsterdam Av,M,False,C,40.836013,-73.939892
A11,IND,155 St,M,False,C,40.830518,-73.941514
A12,IND,145 St,M,False,A,40.824783,-73.944216
A12,IND,145 St,M,False,C,40.824783,-73.944216
D13,IND,145 St,M,False,B,40.824783,-73.944216
D13,IND,145 St,M,False,D,40.824783,-73.944216
A14,IND,135 St,M,False,C,40.817894,-73.947649
A14,IND,135 St,M,False,B,40.817894,-73.947649
A15,IND,125 St,M,False,A,40.811109,-73.952343
A15,IND,125 St,M,False,C,40.811109,-73.952343
A15,IND,125 St,M,False,B,40.811109,-73.952343
A15,IND,125 St,M,False,D,40.811109,-73.952343
A16,IND,116 St,M,False,C,40.805085,-73.954882
A16,IND,116 St,M,False,B,40.805085,-73.954882
A17,IND,Cathedral Pkwy (110 St),M,False,C,40.800603,-73.958161
A17,IND,Cathedral Pkwy (110 St),M,False,B,40.800603,-73.958161
A18,IND,103 St,M,False,C,40.796092,-73.961454
A18,IND,103 St,M,False,B,40.796092,-73.961454
A19,IND,96 St,M,False,C,40.791642,-73.964696
A19,IND,96 St,M,False,B,40.791642,-73.964696
A20,IND,86 St,M,False,C,40.785868,-73.968916
A20,IND,86 St,M,False,B,40.785868,-73.968916
A21,IND,81 St-Museum of Natural History,M,False,C,40.781433,-73.972143
A21,IND,81 St-Museum of Natural History,M,False,B,40.781433,-73.972143
A22,IND,72 St,M,False,C,40.775594,-73.97641
A22,IND,72 St,M,False,B,40.775594,-73.97641
A24,IND,59 St-Columbus Circle,M,True,A,40.768296,-73.981736
A24,IND,59 St-Columbus Circle,M,True,C,40.768296,-73.981736
A24,IND,59 St-Columbus Circle,M,True,B,40.768296,-73.981736
A24,IND,59 St-Columbus Circle,M,True,D,40.768296,-73.981736
A25,IND,50 St,M,True,C,40.762456,-73.985984
A25,IND,50 St,M,True,E,40.762456,-73.985984
A27,IND,42 St-Port Authority Bus Terminal,M,True,A,40.757308,-73.989735
A27,IND,42 St-Port Authority Bus Terminal,M,True,C,40.757308,-73.989735
A27,IND,42 St-Port Authority Bus Terminal,M,True,E,40.757308,-73.989735
A28,IND,34 St-Penn Station,M,True,A,40.752287,-73.993391
A28,IND,34 St-Penn Station,M,True,C,40.752287,-73.993391
A28,IND,34 St-Penn Station,M,True,E,40.752287,-73.993391
A30,IND,23 St,M,True,C,40.745906,-73.998041
A30,IND,23 St,M,True,E,40.745906,-73.998041
A31,IND,14 St,M,True,A,40.740893,-74.00169
A31,IND,14 St,M,True,C,40.740893,-74.00169
A31,IND,14 St,M,True,E,40.740893,-74.00169
A32,IND,W 4 St-Wash Sq,M,True,A,40.732338,-74.000495
A32,IND,W 4 St-Wash Sq,M,True,C,40.732338,-74.000495
A32,IND,W 4 St-Wash Sq,M,True,E,40.732338,-74.000495
D20,IND,W 4 St-Wash Sq,M,True,B,40.732338,-74.000495
D20,IND,W 4 St-Wash Sq,M,True,D,40.732338,-74.000495
D20,IND,W 4 St-Wash Sq,M,True,F,40.732338,-74.000495
D20,IND,W 4 St-Wash Sq,M,True,M,40.732338,-74.000495
A33,IND,Spring St,M,True,C,40.726227,-74.003739
A33,IND,Spring St,M,True,E,40.726227,-74.003739
A34,IND,Canal St,M,True,A,40.720824,-74.005229
A34,IND,Canal St,M,True,C,40.720824,-74.005229
A34,IND,Canal St,M,True,E,40.720824,-74.005229
A36,IND,Chambers St,M,True,A,40.714111,-74.008585
A36,IND,Chambers St,M,True,C,40.714111,-74.008585
E01,IND,World Trade Center,M,True,E,40.712582,-74.009781
A38,IND,Fulton St,M,True,A,40.710197,-74.007691
A38,IND,Fulton St,M,True,C,40.710197,-74.007691
A40,IND,High St,Bk,False,A,40.699337,-73.990531
A40,IND,High St,Bk,False,C,40.699337,-73.990531
A41,IND,Jay St-MetroTech,Bk,False,A,40.692338,-73.987342
A41,IND,Jay St-MetroTech,Bk,False,C,40.692338,-73.987342
A41,IND,Jay St-MetroTech,Bk,False,F,40.692338,-73.987342
A42,IND,Hoyt-Schermerhorn Sts,Bk,False,A,40.688484,-73.985001
A42,IND,Hoyt-Schermerhorn Sts,Bk,False,C,40.688484,-73.985001
A42,IND,Hoyt-Schermerhorn Sts,Bk,False,G,40.688484,-73.985001
A43,IND,Lafayette Av,Bk,False,C,40.686113,-73.973946
A44,IND,Clinton-Washington Avs,Bk,False,C,40.683263,-73.965838
A45,IND,Franklin Av,Bk,False,C,40.68138,-73.956848
A46,IND,Nostrand Av,Bk,False,A,40.680438,-73.950426
A46,IND,Nostrand Av,Bk,False,C,40.680438,-73.950426
A47,IND,Kingston-Throop Avs,Bk,False,C,40.679921,-73.940858
A48,IND,Utica Av,Bk,False,A,40.679364,-73.930729
A48,IND,Utica Av,Bk,False,C,40.679364,-73.930729
A49,IND,Ralph Av,Bk,False,C,40.678822,-73.920786
A50,IND,Rockaway Av,Bk,False,C,40.67834,-73.911946
A51,IND,Broadway Junction,Bk,False,A,40.678334,-73.905316
A51,IND,Broadway Junction,Bk,False,C,40.678334,-73.905316
A52,IND,Liberty Av,Bk,False,C,40.674542,-73.896548
A53,IND,Van Siclen Av,Bk,False,C,40.67271,-73.890358
A54,IND,Shepherd Av,Bk,False,C,40.67413,-73.88075
A55,IND,Euclid Av,Bk,False,A,40.675377,-73.872106
A55,IND,Euclid Av,Bk,False,C,40.675377,-73.872106
A57,IND,Grant Av,Bk,False,A,40.677044,-73.86505
A59,IND,80 St,Q,False,A,40.679371,-73.858992
A60,IND,88 St,Q,False,A,40.679843,-73.85147
A61,IND,Rockaway Blvd,Q,False,A,40.680429,-73.843853
A63,IND,104 St,Q,False,A,40.681711,-73.837683
A64,IND,111 St,Q,False,A,40.684331,-73.832163
A65,IND,Ozone Park-Lefferts Blvd,Q,False,A,40.685951,-73.825798
H01,IND,Aqueduct Racetrack,Q,False,A,40.672097,-73.835919
H02,IND,Aqueduct-N Conduit Av,Q,False,A,40.668234,-73.834058
H03,IND,Howard Beach-JFK Airport,Q,False,A,40.660476,-73.830301
H04,IND,Broad Channel,Q,False,A,40.608382,-73.815925
H04,IND,Broad Channel,Q,False,S,40.608382,-73.815925
H12,IND,Beach 90 St,Q,False,A,40.588034,-73.813641
H12,IND,Beach 90 St,Q,False,S,40.588034,-73.813641
H13,IND,Beach 98 St,Q,False,A,40.585307,-73.820558
H13,IND,Beach 98 St,Q,False,S,40.585307,-73.820558
H14,IND,Beach 105 St,Q,False,A,40.583209,-73.827559
H14,IND,Beach 105 St,Q,False,S,40.583209,-73.827559
H15,IND,Rockaway Park-Beach 116 St,Q,False,A,40.580903,-73.835592
H15,IND,Rockaway Park-Beach 116 St,Q,False,S,40.580903,-73.835592
H06,IND,Beach 67 St,Q,False,A,40.590927,-73.796924
H07,IND,Beach 60 St,Q,False,A,40.592374,-73.788522
H08,IND,Beach 44 St,Q,False,A,40.592943,-73.776013
H09,IND,Beach 36 St,Q,False,A,40.595398,-73.768175
H10,IND,Beach 25 St,Q,False,A,40.600066,-73.761353
H11,IND,Far Rockaway-Mott Av,Q,False,A,40.603995,-73.755405
D01,IND,Norwood-205 St,Bx,False,D,40.874811,-73.878855
D03,IND,Bedford Park Blvd,Bx,False,B,40.873244,-73.887138
D03,IND,Bedford Park Blvd,Bx,False,D,40.873244,-73.887138
D04,IND,Kingsbridge Rd,Bx,False,B,40.866978,-73.893509
D04,IND,Kingsbridge Rd,Bx,False,D,40.866978,-73.893509
D05,IND,Fordham Rd,Bx,False,B,40.861296,-73.897749
D05,IND,Fordham Rd,Bx,False,D,40.861296,-73.897749
D06,IND,182-183 Sts,Bx,False,B,40.856093,-73.900741
D06,IND,182-183 Sts,Bx,False,D,40.856093,-73.900741
D07,IND,Tremont Av,Bx,False,B,40.85041,-73.905227
D07,IND,Tremont Av,Bx,False,D,40.85041,-73.905227
D08,IND,174-175 Sts,Bx,False,B,40.8459,-73.910136
D08,IND,174-175 Sts,Bx,False,D,40.8459,-73.910136
D09,IND,170 St,Bx,False,B,40.839306,-73.9134
D09,IND,170 St,Bx,False,D,40.839306,-73.9134
D10,IND,167 St,Bx,False,B,40.833771,-73.91844
D10,IND,167 St,Bx,False,D,40.833771,-73.91844
D11,IND,161 St-Yankee Stadium,Bx,False,B,40.827905,-73.925651
D11,IND,161 St-Yankee Stadium,Bx,False,D,40.827905,-73.925651
D12,IND,155 St,M,False,B,40.830135,-73.938209
D12,IND,155 St,M,False,D,40.830135,-73.938209
B04,IND,21 St-Queensbridge,Q,False,F,40.754203,-73.942836
B06,IND,Roosevelt Island,M,False,F,40.759145,-73.95326
B08,IND,Lexington Av/63 St,M,False,F,40.764629,-73.966113
B08,IND,Lexington Av/63 St,M,False,Q,40.764629,-73.966113
B10,IND,57 St,M,True,F,40.763972,-73.97745
D15,IND,47-50 Sts-Rockefeller Ctr,M,True,B,40.758663,-73.981329
D15,IND,47-50 Sts-Rockefeller Ctr,M,True,D,40.758663,-73.981329
D15,IND,47-50 Sts-Rockefeller Ctr,M,True,F,40.758663,-73.981329
D15,IND,47-50 Sts-Rockefeller Ctr,M,True,M,40.758663,-73.981329
D16,IND,42 St-Bryant Pk,M,True,B,40.754222,-73.984569
D16,IND,42 St-Bryant Pk,M,True,D,40.754222,-73.984569
D16,IND,42 St-Bryant Pk,M,True,F,40.754222,-73.984569
D16,IND,42 St-Bryant Pk,M,True,M,40.754222,-73.984569
D17,IND,34 St-Herald Sq,M,True,B,40.749719,-73.987823
D17,IND,34 St-Herald Sq,M,True,D,40.749719,-73.987823
D17,IND,34 St-Herald Sq,M,True,F,40.749719,-73.987823
D17,IND,34 St-Herald Sq,M,True,M,40.749719,-73.987823
D18,IND,23 St,M,True,F,40.742878,-73.992821
D18,IND,23 St,M,True,M,40.742878,-73.992821
D19,IND,14 St,M,True,F,40.738228,-73.996209
D19,IND,14 St,M,True,M,40.738228,-73.996209
D21,IND,Broadway-Lafayette St,M,True,B,40.725297,-73.996204
D21,IND,Broadway-Lafayette St,M,True,D,40.725297,-73.996204
D21,IND,Broadway-Lafayette St,M,True,F,40.725297,-73.996204
D21,IND,Broadway-Lafayette St,M,True,M,40.725297,-73.996204
D22,IND,Grand St,M,True,B,40.718267,-73.993753
D22,IND,Grand St,M,True,D,40.718267,-73.993753
F14,IND,2 Av,M,True,F,40.723402,-73.989938
F15,IND,Delancey St-Essex St,M,True,F,40.718611,-73.988114
F16,IND,East Broadway,M,True,F,40.713715,-73.990173
F18,IND,York St,Bk,False,F,40.701397,-73.986751
F20,IND,Bergen St,Bk,False,F,40.686145,-73.990862
F20,IND,Bergen St,Bk,False,G,40.686145,-73.990862
F21,IND,Carroll St,Bk,False,F,40.680303,-73.995048
F21,IND,Carroll St,Bk,False,G,40.680303,-73.995048
F22,IND,Smith-9 Sts,Bk,False,F,40.67358,-73.995959
F22,IND,Smith-9 Sts,Bk,False,G,40.67358,-73.995959
F23,IND,4 Av-9 St,Bk,False,F,40.670272,-73.989779
F23,IND,4 Av-9 St,Bk,False,G,40.670272,-73.989779
F24,IND,7 Av,Bk,False,F,40.666271,-73.980305
F24,IND,7 Av,Bk,False,G,40.666271,-73.980305
F25,IND,15 St-Prospect Park,Bk,False,F,40.660365,-73.979493
F25,IND,15 St-Prospect Park,Bk,False,G,40.660365,-73.979493
F26,IND,Fort Hamilton Pkwy,Bk,False,F,40.650782,-73.975776
F26,IND,Fort Hamilton Pkwy,Bk,False,G,40.650782,-73.975776
F27,IND,Church Av,Bk,False,F,40.644041,-73.979678
F27,IND,Church Av,Bk,False,G,40.644041,-73.979678
F29,IND,Ditmas Av,Bk,False,F,40.636119,-73.978172
F30,IND,18 Av,Bk,False,F,40.629755,-73.976971
F31,IND,Avenue I,Bk,False,F,40.625322,-73.976127
F32,IND,Bay Pkwy,Bk,False,F,40.620769,-73.975264
F33,IND,Avenue N,Bk,False,F,40.61514,-73.974197
F34,IND,Avenue P,Bk,False,F,40.608944,-73.973022
F35,IND,Kings Hwy,Bk,False,F,40.603217,-73.972361
F36,IND,Avenue U,Bk,False,F,40.596063,-73.973357
F38,IND,Avenue X,Bk,False,F,40.58962,-73.97425
F39,IND,Neptune Av,Bk,False,F,40.581011,-73.974574
F01,IND,Jamaica-179 St,Q,False,F,40.712646,-73.783817
F02,IND,169 St,Q,False,F,40.71047,-73.793604
F03,IND,Parsons Blvd,Q,False,F,40.707564,-73.803326
F04,IND,Sutphin Blvd,Q,False,F,40.70546,-73.810708
F05,IND,Briarwood,Q,False,E,40.709179,-73.820574
F05,IND,Briarwood,Q,False,F,40.709179,-73.820574
F06,IND,Kew Gardens-Union Tpke,Q,False,E,40.714441,-73.831008
F06,IND,Kew Gardens-Union Tpke,Q,False,F,40.714441,-73.831008
F07,IND,75 Av,Q,False,E,40.718331,-73.837324
F07,IND,75 Av,Q,False,F,40.718331,-73.837324
G08,IND,Forest Hills-71 Av,Q,False,E,40.721691,-73.844521
G08,IND,Forest Hills-71 Av,Q,False,F,40.721691,-73.844521
G08,IND,Forest Hills-71 Av,Q,False,M,40.721691,-73.844521
G08,IND,Forest Hills-71 Av,Q,False,R,40.721691,-73.844521
G09,IND,67 Av,Q,False,M,40.726523,-73.852719
G09,IND,67 Av,Q,False,R,40.726523,-73.852719
G10,IND,63 Dr-Rego Park,Q,False,M,40.729846,-73.861604
G10,IND,63 Dr-Rego Park,Q,False,R,40.729846,-73.861604
G11,IND,Woodhaven Blvd,Q,False,M,40.733106,-73.869229
G11,IND,Woodhaven Blvd,Q,False,R,40.733106,-73.869229
G12,IND,Grand Av-Newtown,Q,False,M,40.737015,-73.877223
G12,IND,Grand Av-Newtown,Q,False,R,40.737015,-73.877223
G13,IND,Elmhurst Av,Q,False,M,40.742454,-73.882017
G13,IND,Elmhurst Av,Q,False,R,40.742454,-73.882017
G14,IND,Jackson Hts-Roosevelt Av,Q,False,E,40.746644,-73.891338
G14,IND,Jackson Hts-Roosevelt Av,Q,False,F,40.746644,-73.891338
G14,IND,Jackson Hts-Roosevelt Av,Q,False,M,40.746644,-73.891338
G14,IND,Jackson Hts-Roosevelt Av,Q,False,R,40.746644,-73.891338
G15,IND,65 St,Q,False,M,40.749669,-73.898453
G15,IND,65 St,Q,False,R,40.749669,-73.898453
G16,IND,Northern Blvd,Q,False,M,40.752885,-73.906006
G16,IND,Northern Blvd,Q,False,R,40.752885,-73.906006
G18,IND,46 St,Q,False,M,40.756312,-73.913333
G18,IND,46 St,Q,False,R,40.756312,-73.913333
G19,IND,Steinway St,Q,False,M,40.756879,-73.92074
G19,IND,Steinway St,Q,False,R,40.756879,-73.92074
G20,IND,36 St,Q,False,M,40.752039,-73.928781
G20,IND,36 St,Q,False,R,40.752039,-73.928781
G21,IND,Queens Plaza,Q,False,E,40.748973,-73.937243
G21,IND,Queens Plaza,Q,False,M,40.748973,-73.937243
G21,IND,Queens Plaza,Q,False,R,40.748973,-73.937243
F09,IND,Court Sq-23 St,Q,False,E,40.747846,-73.946
F09,IND,Court Sq-23 St,Q,False,M,40.747846,-73.946
F11,IND,Lexington Av/53 St,M,True,E,40.757552,-73.969055
F11,IND,Lexington Av/53 St,M,True,M,40.757552,-73.969055
F12,IND,5 Av/53 St,M,True,E,40.760167,-73.975224
F12,IND,5 Av/53 St,M,True,M,40.760167,-73.975224
D14,IND,7 Av,M,True,E,40.762862,-73.981637
D14,IND,7 Av,M,True,B,40.762862,-73.981637
D14,IND,7 Av,M,True,D,40.762862,-73.981637
G05,IND,Jamaica Center-Parsons/Archer,Q,False,E,40.702147,-73.801109
G05,IND,Jamaica Center-Parsons/Archer,Q,False,J,40.702147,-73.801109
G05,IND,Jamaica Center-Parsons/Archer,Q,False,Z,40.702147,-73.801109
G06,IND,Sutphin Blvd-Archer Av-JFK Airport,Q,False,E,40.700486,-73.807969
G06,IND,Sutphin Blvd-Archer Av-JFK Airport,Q,False,J,40.700486,-73.807969
G06,IND,Sutphin Blvd-Archer Av-JFK Airport,Q,False,Z,40.700486,-73.807969
G07,IND,Jamaica-Van Wyck,Q,False,E,40.702566,-73.816859
G22,IND,Court Sq,Q,False,G,40.746554,-73.943832
G24,IND,21 St,Q,False,G,40.744065,-73.949724
G26,IND,Greenpoint Av,Bk,False,G,40.731352,-73.954449
G28,IND,Nassau Av,Bk,False,G,40.724635,-73.951277
G29,IND,Metropolitan Av,Bk,False,G,40.712792,-73.951418
G30,IND,Broadway,Bk,False,G,40.706092,-73.950308
G31,IND,Flushing Av,Bk,False,G,40.700377,-73.950234
G32,IND,Myrtle-Willoughby Avs,Bk,False,G,40.694568,-73.949046
G33,IND,Bedford-Nostrand Avs,Bk,False,G,40.689627,-73.953522
G34,IND,Classon Av,Bk,False,G,40.688873,-73.96007
G35,IND,Clinton-Washington Avs,Bk,False,G,40.688089,-73.966839
G36,IND,Fulton St,Bk,False,G,40.687119,-73.975375
101,IRT,Van Cortlandt Park-242 St,Bx,False,1,40.889248,-73.898583
103,IRT,238 St,Bx,False,1,40.884667,-73.90087
104,IRT,231 St,Bx,False,1,40.878856,-73.904834
106,IRT,Marble Hill-225 St,M,False,1,40.874561,-73.909831
107,IRT,215 St,M,False,1,40.869444,-73.915279
108,IRT,207 St,M,False,1,40.864621,-73.918822
109,IRT,Dyckman St,M,False,1,40.860531,-73.925536
110,IRT,191 St,M,False,1,40.855225,-73.929412
111,IRT,181 St,M,False,1,40.849505,-73.933596
112,IRT,168 St-Washington Hts,M,False,1,40.840556,-73.940133
113,IRT,157 St,M,False,1,40.834041,-73.94489
114,IRT,145 St,M,False,1,40.826551,-73.95036
115,IRT,137 St-City College,M,False,1,40.822008,-73.953676
116,IRT,125 St,M,False,1,40.815581,-73.958372
117,IRT,116 St-Columbia University,M,False,1,40.807722,-73.96411
118,IRT,Cathedral Pkwy (110 St),M,False,1,40.803967,-73.966847
119,IRT,103 St,M,False,1,40.799446,-73.968379
120,IRT,96 St,M,False,1,40.793919,-73.972323
120,IRT,96 St,M,False,2,40.793919,-73.972323
120,IRT,96 St,M,False,3,40.793919,-73.972323
121,IRT,86 St,M,False,1,40.788644,-73.976218
122,IRT,79 St,M,False,1,40.783934,-73.979917
123,IRT,72 St,M,False,1,40.778453,-73.98197
123,IRT,72 St,M,False,2,40.778453,-73.98197
123,IRT,72 St,M,False,3,40.778453,-73.98197
124,IRT,66 St-Lincoln Center,M,False,1,40.77344,-73.982209
125,IRT,59 St-Columbus Circle,M,True,1,40.768247,-73.981929
126,IRT,50 St,M,True,1,40.761728,-73.983849
127,IRT,Times Sq-42 St,M,True,1,40.75529,-73.987495
127,IRT,Times Sq-42 St,M,True,2,40.75529,-73.987495
127,IRT,Times Sq-42 St,M,True,3,40.75529,-73.987495
128,IRT,34 St-Penn Station,M,True,1,40.750373,-73.991057
128,IRT,34 St-Penn Station,M,True,2,40.750373,-73.991057
128,IRT,34 St-Penn Station,M,True,3,40.750373,-73.991057
129,IRT,28 St,M,True,1,40.747215,-73.993365
130,IRT,23 St,M,True,1,40.744081,-73.995657
131,IRT,18 St,M,True,1,40.74104,-73.997871
132,IRT,14 St,M,True,1,40.737826,-74.000201
132,IRT,14 St,M,True,2,40.737826,-74.000201
132,IRT,14 St,M,True,3,40.737826,-74.000201
133,IRT,Christopher St-Stonewall,M,True,1,40.733422,-74.002906
134,IRT,Houston St,M,True,1,40.728251,-74.005367
135,IRT,Canal St,M,True,1,40.722854,-74.006277
136,IRT,Franklin St,M,True,1,40.719318,-74.006886
137,IRT,Chambers St,M,True,1,40.715478,-74.009266
137,IRT,Chambers St,M,True,2,40.715478,-74.009266
137,IRT,Chambers St,M,True,3,40.715478,-74.009266
138,IRT,WTC Cortlandt,M,True,1,40.711835,-74.012188
139,IRT,Rector St,M,True,1,40.707513,-74.013783
142,IRT,South Ferry,M,True,1,40.702068,-74.013664
228,IRT,Park Place,M,True,2,40.713051,-74.008811
228,IRT,Park Place,M,True,3,40.713051,-74.008811
229,IRT,Fulton St,M,True,2,40.709416,-74.006571
229,IRT,Fulton St,M,True,3,40.709416,-74.006571
230,IRT,Wall St,M,True,2,40.706821,-74.0091
230,IRT,Wall St,M,True,3,40.706821,-74.0091
231,IRT,Clark St,Bk,False,2,40.697466,-73.993086
231,IRT,Clark St,Bk,False,3,40.697466,-73.993086
232,IRT,Borough Hall,Bk,False,2,40.693219,-73.989998
232,IRT,Borough Hall,Bk,False,3,40.693219,-73.989998
233,IRT,Hoyt St,Bk,False,2,40.690545,-73.985065
233,IRT,Hoyt St,Bk,False,3,40.690545,-73.985065
234,IRT,Nevins St,Bk,False,2,40.688246,-73.980492
234,IRT,Nevins St,Bk,False,3,40.688246,-73.980492
234,IRT,Nevins St,Bk,False,4,40.688246,-73.980492
234,IRT,Nevins St,Bk,False,5,40.688246,-73.980492
235,IRT,Atlantic Av-Barclays Ctr,Bk,False,2,40.684359,-73.977666
235,IRT,Atlantic Av-Barclays Ctr,Bk,False,3,40.684359,-73.977666
235,IRT,Atlantic Av-Barclays Ctr,Bk,False,4,40.684359,-73.977666
235,IRT,Atlantic Av-Barclays Ctr,Bk,False,5,40.684359,-73.977666
236,IRT,Bergen St,Bk,False,2,40.680829,-73.975098
236,IRT,Bergen St,Bk,False,3,40.680829,-73.975098
237,IRT,Grand Army Plaza,Bk,False,2,40.675235,-73.971046
237,IRT,Grand Army Plaza,Bk,False,3,40.675235,-73.971046
238,IRT,Eastern Pkwy-Brooklyn Museum,Bk,False,2,40.671987,-73.964375
238,IRT,Eastern Pkwy-Brooklyn Museum,Bk,False,3,40.671987,-73.964375
239,IRT,Franklin Av-Medgar Evers College,Bk,False,2,40.670682,-73.958131
239,IRT,Franklin Av-Medgar Evers College,Bk,False,3,40.670682,-73.958131
239,IRT,Franklin Av-Medgar Evers College,Bk,False,4,40.670682,-73.958131
239,IRT,Franklin Av-Medgar Evers College,Bk,False,5,40.670682,-73.958131
248,IRT,Nostrand Av,Bk,False,3,40.669847,-73.950466
249,IRT,Kingston Av,Bk,False,3,40.669399,-73.942161
250,IRT,Crown Hts-Utica Av,Bk,False,3,40.668897,-73.932942
250,IRT,Crown Hts-Utica Av,Bk,False,4,40.668897,-73.932942
251,IRT,Sutter Av-Rutland Rd,Bk,False,3,40.664717,-73.92261
252,IRT,Saratoga Av,Bk,False,3,40.661453,-73.916327
253,IRT,Rockaway Av,Bk,False,3,40.662549,-73.908946
254,IRT,Junius St,Bk,False,3,40.663515,-73.902447
255,IRT,Pennsylvania Av,Bk,False,3,40.664635,-73.894895
256,IRT,Van Siclen Av,Bk,False,3,40.665449,-73.889395
257,IRT,New Lots Av,Bk,False,3,40.666235,-73.884079
241,IRT,President St-Medgar Evers College,Bk,False,2,40.667883,-73.950683
241,IRT,President St-Medgar Evers College,Bk,False,5,40.667883,-73.950683
242,IRT,Sterling St,Bk,False,2,40.662742,-73.95085
242,IRT,Sterling St,Bk,False,5,40.662742,-73.95085
243,IRT,Winthrop St,Bk,False,2,40.656652,-73.9502
243,IRT,Winthrop St,Bk,False,5,40.656652,-73.9502
244,IRT,Church Av,Bk,False,2,40.650843,-73.949575
244,IRT,Church Av,Bk,False,5,40.650843,-73.949575
245,IRT,Beverly Rd,Bk,False,2,40.645098,-73.948959
245,IRT,Beverly Rd,Bk,False,5,40.645098,-73.948959
246,IRT,Newkirk Av-Little Haiti,Bk,False,2,40.639967,-73.948411
246,IRT,Newkirk Av-Little Haiti,Bk,False,5,40.639967,-73.948411
247,IRT,Flatbush Av-Brooklyn College,Bk,False,2,40.632836,-73.947642
247,IRT,Flatbush Av-Brooklyn College,Bk,False,5,40.632836,-73.947642
601,IRT,Pelham Bay Park,Bx,False,6,40.852462,-73.828121
602,IRT,Buhre Av,Bx,False,6,40.84681,-73.832569
603,IRT,Middletown Rd,Bx,False,6,40.843863,-73.836322
604,IRT,Westchester Sq-E Tremont Av,Bx,False,6,40.839892,-73.842952
606,IRT,Zerega Av,Bx,False,6,40.836488,-73.847036
607,IRT,Castle Hill Av,Bx,False,6,40.834255,-73.851222
608,IRT,Parkchester,Bx,False,6,40.833226,-73.860816
609,IRT,St Lawrence Av,Bx,False,6,40.831509,-73.867618
610,IRT,Morrison Av-Soundview,Bx,False,6,40.829521,-73.874516
611,IRT,Elder Av,Bx,False,6,40.828584,-73.879159
612,IRT,Whitlock Av,Bx,False,6,40.826525,-73.886283
613,IRT,Hunts Point Av,Bx,False,6,40.820948,-73.890549
614,IRT,Longwood Av,Bx,False,6,40.816104,-73.896435
615,IRT,E 149 St,Bx,False,6,40.812118,-73.904098
616,IRT,E 143 St-St Mary's St,Bx,False,6,40.808719,-73.907657
617,IRT,Cypress Av,Bx,False,6,40.805368,-73.914042
618,IRT,Brook Av,Bx,False,6,40.807566,-73.91924
619,IRT,3 Av-138 St,Bx,False,6,40.810476,-73.926138
401,IRT,Woodlawn,Bx,False,4,40.886037,-73.878751
402,IRT,Mosholu Pkwy,Bx,False,4,40.87975,-73.884655
405,IRT,Bedford Park Blvd-Lehman College,Bx,False,4,40.873412,-73.890064
406,IRT,Kingsbridge Rd,Bx,False,4,40.86776,-73.897174
407,IRT,Fordham Rd,Bx,False,4,40.862803,-73.901034
408,IRT,183 St,Bx,False,4,40.858407,-73.903879
409,IRT,Burnside Av,Bx,False,4,40.853453,-73.907684
410,IRT,176 St,Bx,False,4,40.84848,-73.911794
411,IRT,Mt Eden Av,Bx,False,4,40.844434,-73.914685
412,IRT,170 St,Bx,False,4,40.840075,-73.917791
413,IRT,167 St,Bx,False,4,40.835537,-73.9214
414,IRT,161 St-Yankee Stadium,Bx,False,4,40.827994,-73.925831
415,IRT,149 St-Grand Concourse,Bx,False,4,40.818375,-73.927351
416,IRT,138 St-Grand Concourse,Bx,False,4,40.813224,-73.929849
416,IRT,138 St-Grand Concourse,Bx,False,5,40.813224,-73.929849
621,IRT,125 St,M,False,4,40.804138,-73.937594
621,IRT,125 St,M,False,5,40.804138,-73.937594
621,IRT,125 St,M,False,6,40.804138,-73.937594
622,IRT,116 St,M,False,6,40.798629,-73.941617
623,IRT,110 St,M,False,6,40.79502,-73.94425
624,IRT,103 St,M,False,6,40.7906,-73.947478
625,IRT,96 St,M,False,6,40.785672,-73.95107
626,IRT,86 St,M,False,4,40.779492,-73.955589
626,IRT,86 St,M,False,5,40.779492,-73.955589
626,IRT,86 St,M,False,6,40.779492,-73.955589
627,IRT,77 St,M,False,6,40.77362,-73.959874
628,IRT,68 St-Hunter College,M,False,6,40.768141,-73.96387
629,IRT,59 St,M,True,4,40.762526,-73.967967
629,IRT,59 St,M,True,5,40.762526,-73.967967
629,IRT,59 St,M,True,6,40.762526,-73.967967
630,IRT,51 St,M,True,6,40.757107,-73.97192
631,IRT,Grand Central-42 St,M,True,4,40.751776,-73.976848
631,IRT,Grand Central-42 St,M,True,5,40.751776,-73.976848
631,IRT,Grand Central-42 St,M,True,6,40.751776,-73.976848
632,IRT,33 St,M,True,6,40.746081,-73.982076
633,IRT,28 St,M,True,6,40.74307,-73.984264
634,IRT,23 St,M,True,6,40.739864,-73.986599
635,IRT,14 St-Union Sq,M,True,4,40.734673,-73.989951
635,IRT,14 St-Union Sq,M,True,5,40.734673,-73.989951
635,IRT,14 St-Union Sq,M,True,6,40.734673,-73.989951
636,IRT,Astor Pl,M,True,6,40.730054,-73.99107
637,IRT,Bleecker St,M,True,6,40.725915,-73.994659
638,IRT,Spring St,M,True,6,40.722301,-73.997141
639,IRT,Canal St,M,True,6,40.718803,-74.000193
640,IRT,Brooklyn Bridge-City Hall,M,True,4,40.713065,-74.004131
640,IRT,Brooklyn Bridge-City Hall,M,True,5,40.713065,-74.004131
640,IRT,Brooklyn Bridge-City Hall,M,True,6,40.713065,-74.004131
418,IRT,Fulton St,M,True,4,40.710368,-74.009509
418,IRT,Fulton St,M,True,5,40.710368,-74.009509
419,IRT,Wall St,M,True,4,40.707557,-74.011862
419,IRT,Wall St,M,True,5,40.707557,-74.011862
420,IRT,Bowling Green,M,True,4,40.704817,-74.014065
420,IRT,Bowling Green,M,True,5,40.704817,-74.014065
423,IRT,Borough Hall,Bk,False,4,40.692404,-73.990151
423,IRT,Borough Hall,Bk,False,5,40.692404,-73.990151
201,IRT,Wakefield-241 St,Bx,False,2,40.903125,-73.85062
204,IRT,Nereid Av,Bx,False,2,40.898379,-73.854376
204,IRT,Nereid Av,Bx,False,5,40.898379,-73.854376
205,IRT,233 St,Bx,False,2,40.893193,-73.857473
205,IRT,233 St,Bx,False,5,40.893193,-73.857473
206,IRT,225 St,Bx,False,2,40.888022,-73.860341
206,IRT,225 St,Bx,False,5,40.888022,-73.860341
207,IRT,219 St,Bx,False,2,40.883895,-73.862633
207,IRT,219 St,Bx,False,5,40.883895,-73.862633
208,IRT,Gun Hill Rd,Bx,False,2,40.87785,-73.866256
208,IRT,Gun Hill Rd,Bx,False,5,40.87785,-73.866256
209,IRT,Burke Av,Bx,False,2,40.871356,-73.867164
209,IRT,Burke Av,Bx,False,5,40.871356,-73.867164
210,IRT,Allerton Av,Bx,False,2,40.865462,-73.867352
210,IRT,Allerton Av,Bx,False,5,40.865462,-73.867352
211,IRT,Pelham Pkwy,Bx,False,2,40.857192,-73.867615
211,IRT,Pelham Pkwy,Bx,False,5,40.857192,-73.867615
212,IRT,Bronx Park East,Bx,False,2,40.848828,-73.868457
212,IRT,Bronx Park East,Bx,False,5,40.848828,-73.868457
213,IRT,E 180 St,Bx,False,2,40.841894,-73.873488
213,IRT,E 180 St,Bx,False,5,40.841894,-73.873488
214,IRT,West Farms Sq-E Tremont Av,Bx,False,2,40.840295,-73.880049
214,IRT,West Farms Sq-E Tremont Av,Bx,False,5,40.840295,-73.880049
215,IRT,174 St,Bx,False,2,40.837288,-73.887734
215,IRT,174 St,Bx,False,5,40.837288,-73.887734
216,IRT,Freeman St,Bx,False,2,40.829993,-73.891865
216,IRT,Freeman St,Bx,False,5,40.829993,-73.891865
217,IRT,Simpson St,Bx,False,2,40.824073,-73.893064
217,IRT,Simpson St,Bx,False,5,40.824073,-73.893064
218,IRT,Intervale Av,Bx,False,2,40.822181,-73.896736
218,IRT,Intervale Av,Bx,False,5,40.822181,-73.896736
219,IRT,Prospect Av,Bx,False,2,40.819585,-73.90177
219,IRT,Prospect Av,Bx,False,5,40.819585,-73.90177
220,IRT,Jackson Av,Bx,False,2,40.81649,-73.907807
220,IRT,Jackson Av,Bx,False,5,40.81649,-73.907807
221,IRT,3 Av-149 St,Bx,False,2,40.816109,-73.917757
221,IRT,3 Av-149 St,Bx,False,5,40.816109,-73.917757
222,IRT,149 St-Grand Concourse,Bx,False,2,40.81841,-73.926718
222,IRT,149 St-Grand Concourse,Bx,False,5,40.81841,-73.926718
301,IRT,Harlem-148 St,M,False,3,40.82388,-73.93647
302,IRT,145 St,M,False,3,40.820421,-73.936245
224,IRT,135 St,M,False,2,40.814229,-73.94077
224,IRT,135 St,M,False,3,40.814229,-73.94077
225,IRT,125 St,M,False,2,40.807754,-73.945495
225,IRT,125 St,M,False,3,40.807754,-73.945495
226,IRT,116 St,M,False,2,40.802098,-73.949625
226,IRT,116 St,M,False,3,40.802098,-73.949625
227,IRT,Central Park North (110 St),M,False,2,40.799075,-73.951822
227,IRT,Central Park North (110 St),M,False,3,40.799075,-73.951822
501,IRT,Eastchester-Dyre Av,Bx,False,5,40.8883,-73.830834
502,IRT,Baychester Av,Bx,False,5,40.878663,-73.838591
503,IRT,Gun Hill Rd,Bx,False,5,40.869526,-73.846384
504,IRT,Pelham Pkwy,Bx,False,5,40.858985,-73.855359
505,IRT,Morris Park,Bx,False,5,40.854364,-73.860495
701,IRT,Flushing-Main St,Q,False,7,40.7596,-73.83003
702,IRT,Mets-Willets Point,Q,False,7,40.754622,-73.845625
705,IRT,111 St,Q,False,7,40.75173,-73.855334
706,IRT,103 St-Corona Plaza,Q,False,7,40.749865,-73.8627
707,IRT,Junction Blvd,Q,False,7,40.749145,-73.869527
708,IRT,90 St-Elmhurst Av,Q,False,7,40.748408,-73.876613
709,IRT,82 St-Jackson Hts,Q,False,7,40.747659,-73.883697
710,IRT,74 St-Broadway,Q,False,7,40.746848,-73.891394
711,IRT,69 St,Q,False,7,40.746325,-73.896403
712,IRT,61 St-Woodside,Q,False,7,40.74563,-73.902984
713,IRT,52 St,Q,False,7,40.744149,-73.912549
714,IRT,46 St-Bliss St,Q,False,7,40.743132,-73.918435
715,IRT,40 St-Lowery St,Q,False,7,40.743781,-73.924016
716,IRT,33 St-Rawson St,Q,False,7,40.744587,-73.930997
R09,BMT,Queensboro Plaza,Q,False,N,40.750582,-73.940202
R09,BMT,Queensboro Plaza,Q,False,W,40.750582,-73.940202
718,IRT,Queensboro Plaza,Q,False,7,40.750582,-73.940202
719,IRT,Court Sq,Q,False,7,40.747023,-73.945264
720,IRT,Hunters Point Av,Q,False,7,40.742216,-73.948916
721,IRT,Vernon Blvd-Jackson Av,Q,False,7,40.742626,-73.953581
723,IRT,Grand Central-42 St,M,True,7,40.751431,-73.976041
724,IRT,5 Av,M,True,7,40.753821,-73.981963
725,IRT,Times Sq-42 St,M,True,7,40.755477,-73.987691
902,IRT,Times Sq-42 St,M,True,S,40.755983,-73.986229
901,IRT,Grand Central-42 St,M,True,S,40.752769,-73.979189
726,IRT,34 St-Hudson Yards,M,True,7,40.755882,-74.00191
Q05,IND,96 St,M,False,Q,40.784318,-73.947152
Q04,IND,86 St,M,False,Q,40.777891,-73.951787
Q03,IND,72 St,M,False,Q,40.768799,-73.958424
S31,SIR,St George,SI,False,SIR,40.643748,-74.073643
S30,SIR,Tompkinsville,SI,False,SIR,40.636949,-74.074835
S29,SIR,Stapleton,SI,False,SIR,40.627915,-74.075162
S28,SIR,Clifton,SI,False,SIR,40.621319,-74.071402
S27,SIR,Grasmere,SI,False,SIR,40.603117,-74.084087
S26,SIR,Old Town,SI,False,SIR,40.596612,-74.087368
S25,SIR,Dongan Hills,SI,False,SIR,40.588849,-74.09609
S24,SIR,Jefferson Av,SI,False,SIR,40.583591,-74.103338
S23,SIR,Grant City,SI,False,SIR,40.578965,-74.109704
S22,SIR,New Dorp,SI,False,SIR,40.57348,-74.11721
S21,SIR,Oakwood Heights,SI,False,SIR,40.56511,-74.12632
S20,SIR,Bay Terrace,SI,False,SIR,40.5564,-74.136907
S19,SIR,Great Kills,SI,False,SIR,40.551231,-74.151399
S18,SIR,Eltingville,SI,False,SIR,40.544601,-74.16457
S17,SIR,Annadale,SI,False,SIR,40.54046,-74.178217
S16,SIR,Huguenot,SI,False,SIR,40.533674,-74.191794
S15,SIR,Prince's Bay,SI,False,SIR,40.525507,-74.200064
S14,SIR,Pleasant Plains,SI,False,SIR,40.52241,-74.217847
S13,SIR,Richmond Valley,SI,False,SIR,40.519631,-74.229141
S09,SIR,Tottenville,SI,False,SIR,40.512764,-74.251961
S11,SIR,Arthur Kill,SI,False,SIR,40.516578,-74.242096
